{"0": [41.259077427202435, 158.18876521626518, 24.570683196325575, 119.27642423797293, 657], "1": [27.69643142736893, 102.14771672771676, 25.83720143850469, 105.53442166927486, 470], "2": [16.10956523944805, 61.45171120546121, 9.115922899359928, 41.91724585641627, 243], "3": [11.603410894660897, 38.91936147186147, 8.862858425511943, 41.486785634435556, 190]}